{"credit":"MadewithBlockbench","texture_size":[56,56],"textures":{"3":"kitchen_set:baguette_backpack"},"elements":[{"from":[3.2,-15.78589,5.3],"to":[12.8,-9.38589,12.5],"rotation":{"angle":0,"axis":"y","origin":[8,-11.18589,7.9]},"faces":{"north":{"uv":[3.42857,0,6.85714,2.28571],"texture":"#3"},"east":{"uv":[6.85714,2.28571,9.42857,4.57143],"texture":"#3"},"south":{"uv":[3.42857,2.28571,6.85714,4.57143],"texture":"#3"},"west":{"uv":[6.85714,6.28571,9.42857,8.57143],"texture":"#3"},"up":{"uv":[3.42857,2.57143,0,0],"texture":"#3"},"down":{"uv":[3.42857,2.57143,0,5.14286],"texture":"#3"}}},{"from":[2.4,-14.98589,6.9],"to":[13.6,-10.18589,10.9],"rotation":{"angle":0,"axis":"y","origin":[8,-11.18589,7.9]},"faces":{"north":{"uv":[3.42857,4.57143,7.42857,6.28571],"texture":"#3"},"east":{"uv":[8,10,9.42857,11.71429],"texture":"#3"},"south":{"uv":[0,6.28571,4,8],"texture":"#3"},"west":{"uv":[9.42857,10,10.85714,11.71429],"texture":"#3"},"up":{"uv":[11.42857,6,7.42857,4.57143],"texture":"#3"},"down":{"uv":[4,8,0,9.42857],"texture":"#3"}}},{"from":[2.32,-12.58589,6.82],"to":[13.68,-10.10589,10.98],"rotation":{"angle":0,"axis":"y","origin":[8,-11.18589,7.9]},"faces":{"north":{"uv":[9.42857,7.71429,13.42857,8.57143],"texture":"#3"},"east":{"uv":[11.71429,2,13.14286,2.85714],"texture":"#3"},"south":{"uv":[9.71429,0,13.71429,0.85714],"texture":"#3"},"west":{"uv":[11.71429,2.85714,13.14286,3.71429],"texture":"#3"},"up":{"uv":[8,10,4,8.57143],"texture":"#3"},"down":{"uv":[12,8.57143,8,10],"texture":"#3"}}},{"from":[5.6,-14.18589,11.7],"to":[10.4,-7.78589,13.3],"rotation":{"angle":0,"axis":"y","origin":[8,-11.18589,7.9]},"faces":{"north":{"uv":[0,9.42857,1.71429,11.71429],"texture":"#3"},"east":{"uv":[11.71429,5.14286,12.28571,7.42857],"texture":"#3"},"south":{"uv":[1.71429,9.42857,3.42857,11.71429],"texture":"#3"},"west":{"uv":[12.28571,5.14286,12.85714,7.42857],"texture":"#3"},"up":{"uv":[11.14286,4.57143,9.42857,4],"texture":"#3"},"down":{"uv":[14.28571,0.85714,12.57143,1.42857],"texture":"#3"}}},{"from":[5.52,-10.98589,11.62],"to":[10.48,-7.70589,13.38],"rotation":{"angle":0,"axis":"y","origin":[8,-11.18589,7.9]},"faces":{"north":{"uv":[11.42857,4,13.14286,5.14286],"texture":"#3"},"east":{"uv":[2.85714,5.14286,3.42857,6.28571],"texture":"#3"},"south":{"uv":[1.71429,11.71429,3.42857,12.85714],"texture":"#3"},"west":{"uv":[12.85714,6.57143,13.42857,7.71429],"texture":"#3"},"up":{"uv":[14.28571,2,12.57143,1.42857],"texture":"#3"},"down":{"uv":[3.42857,12.85714,1.71429,13.42857],"texture":"#3"}}},{"from":[4,-9.38589,5.3],"to":[12,-6.18589,11.7],"rotation":{"angle":0,"axis":"y","origin":[8,-11.18589,7.9]},"faces":{"north":{"uv":[0,5.14286,2.85714,6.28571],"texture":"#3"},"east":{"uv":[3.42857,10,5.71429,11.14286],"texture":"#3"},"south":{"uv":[9.71429,0.85714,12.57143,2],"texture":"#3"},"west":{"uv":[5.71429,10,8,11.14286],"texture":"#3"},"up":{"uv":[6.85714,8.57143,4,6.28571],"texture":"#3"},"down":{"uv":[9.71429,0,6.85714,2.28571],"texture":"#3"}}},{"from":[4.8,-6.18589,6.1],"to":[11.2,-5.38589,10.9],"rotation":{"angle":0,"axis":"y","origin":[8,-11.18589,7.9]},"faces":{"north":{"uv":[11.71429,3.71429,14,4],"texture":"#3"},"east":{"uv":[7.42857,6,9.14286,6.28571],"texture":"#3"},"south":{"uv":[12.85714,11.42857,15.14286,11.71429],"texture":"#3"},"west":{"uv":[9.71429,2,11.42857,2.28571],"texture":"#3"},"up":{"uv":[11.71429,4,9.42857,2.28571],"texture":"#3"},"down":{"uv":[11.71429,6,9.42857,7.71429],"texture":"#3"}}},{"from":[10.8,-7.58589,2.1],"to":[12.4,-6.78589,5.3],"rotation":{"angle":0,"axis":"y","origin":[8,-11.18589,7.9]},"faces":{"north":{"uv":[3.42857,9.42857,4,9.71429],"texture":"#3"},"east":{"uv":[11.71429,7.42857,12.85714,7.71429],"texture":"#3"},"south":{"uv":[3.42857,9.71429,4,10],"texture":"#3"},"west":{"uv":[13.42857,11.14286,14.57143,11.42857],"texture":"#3"},"up":{"uv":[11.71429,14,11.14286,12.85714],"texture":"#3"},"down":{"uv":[12.28571,12.85714,11.71429,14],"texture":"#3"}}},{"from":[10.8,-10.78589,2.1],"to":[12.4,-7.58589,2.9],"rotation":{"angle":0,"axis":"y","origin":[8,-11.18589,7.9]},"faces":{"north":{"uv":[12.85714,11.71429,13.42857,12.85714],"texture":"#3"},"east":{"uv":[10.57143,11.71429,10.85714,12.85714],"texture":"#3"},"south":{"uv":[12.85714,12.85714,13.42857,14],"texture":"#3"},"west":{"uv":[12,8.57143,12.28571,9.71429],"texture":"#3"},"up":{"uv":[14.28571,0.85714,13.71429,0.57143],"texture":"#3"},"down":{"uv":[14.28571,2,13.71429,2.28571],"texture":"#3"}}},{"from":[10.8,-11.58589,2.1],"to":[12.4,-10.78589,6.1],"rotation":{"angle":0,"axis":"y","origin":[8,-11.18589,7.9]},"faces":{"north":{"uv":[13.71429,2.28571,14.28571,2.57143],"texture":"#3"},"east":{"uv":[13.42857,10,14.85714,10.28571],"texture":"#3"},"south":{"uv":[13.71429,2.57143,14.28571,2.85714],"texture":"#3"},"west":{"uv":[13.42857,10.28571,14.85714,10.57143],"texture":"#3"},"up":{"uv":[13.42857,6.57143,12.85714,5.14286],"texture":"#3"},"down":{"uv":[13.42857,8.57143,12.85714,10],"texture":"#3"}}},{"from":[3.6,-11.58589,2.1],"to":[5.2,-10.78589,6.1],"rotation":{"angle":0,"axis":"y","origin":[8,-11.18589,7.9]},"faces":{"north":{"uv":[13.71429,2.85714,14.28571,3.14286],"texture":"#3"},"east":{"uv":[13.42857,10.57143,14.85714,10.85714],"texture":"#3"},"south":{"uv":[13.71429,4,14.28571,4.28571],"texture":"#3"},"west":{"uv":[13.42857,10.85714,14.85714,11.14286],"texture":"#3"},"up":{"uv":[13.42857,11.42857,12.85714,10],"texture":"#3"},"down":{"uv":[11.14286,12.85714,10.57143,14.28571],"texture":"#3"}}},{"from":[3.6,-10.78589,2.1],"to":[5.2,-7.58589,2.9],"rotation":{"angle":0,"axis":"y","origin":[8,-11.18589,7.9]},"faces":{"north":{"uv":[13.14286,2,13.71429,3.14286],"texture":"#3"},"east":{"uv":[13.42857,11.71429,13.71429,12.85714],"texture":"#3"},"south":{"uv":[13.14286,4,13.71429,5.14286],"texture":"#3"},"west":{"uv":[13.42857,12.85714,13.71429,14],"texture":"#3"},"up":{"uv":[14.28571,4.57143,13.71429,4.28571],"texture":"#3"},"down":{"uv":[14.28571,4.57143,13.71429,4.85714],"texture":"#3"}}},{"from":[3.6,-7.58589,2.1],"to":[5.2,-6.78589,5.3],"rotation":{"angle":0,"axis":"y","origin":[8,-11.18589,7.9]},"faces":{"north":{"uv":[13.71429,4.85714,14.28571,5.14286],"texture":"#3"},"east":{"uv":[13.71429,0,14.85714,0.28571],"texture":"#3"},"south":{"uv":[13.71429,11.71429,14.28571,12],"texture":"#3"},"west":{"uv":[13.71429,0.28571,14.85714,0.57143],"texture":"#3"},"up":{"uv":[2.28571,14.57143,1.71429,13.42857],"texture":"#3"},"down":{"uv":[2.85714,13.42857,2.28571,14.57143],"texture":"#3"}}},{"from":[10.4,-6.18589,7.9],"to":[12,1.81411,10.3],"rotation":{"angle":-22.5,"axis":"z","origin":[8,-1.38589,9.1]},"faces":{"north":{"uv":[7.71429,11.71429,8.28571,14.57143],"texture":"#3"},"east":{"uv":[10.85714,10,11.71429,12.85714],"texture":"#3"},"south":{"uv":[8.28571,11.71429,8.85714,14.57143],"texture":"#3"},"west":{"uv":[3.42857,11.14286,4.28571,14],"texture":"#3"},"up":{"uv":[3.42857,14.28571,2.85714,13.42857],"texture":"#3"},"down":{"uv":[14,5.14286,13.42857,6],"texture":"#3"}}},{"from":[4,-6.98589,7.1],"to":[5.6,1.01411,9.5],"rotation":{"angle":22.5,"axis":"z","origin":[8,-1.38589,9.1]},"faces":{"north":{"uv":[8.85714,11.71429,9.42857,14.57143],"texture":"#3"},"east":{"uv":[4.28571,11.14286,5.14286,14],"texture":"#3"},"south":{"uv":[9.42857,11.71429,10,14.57143],"texture":"#3"},"west":{"uv":[5.14286,11.14286,6,14],"texture":"#3"},"up":{"uv":[14,6.85714,13.42857,6],"texture":"#3"},"down":{"uv":[14,6.85714,13.42857,7.71429],"texture":"#3"}}},{"from":[6.8,-6.18589,5.3],"to":[9.2,1.81411,6.9],"rotation":{"angle":-22.5,"axis":"x","origin":[8,-1.38589,9.1]},"faces":{"north":{"uv":[6,11.14286,6.85714,14],"texture":"#3"},"east":{"uv":[10,11.71429,10.57143,14.57143],"texture":"#3"},"south":{"uv":[6.85714,11.14286,7.71429,14],"texture":"#3"},"west":{"uv":[11.71429,10,12.28571,12.85714],"texture":"#3"},"up":{"uv":[14,3.71429,13.14286,3.14286],"texture":"#3"},"down":{"uv":[14.28571,7.71429,13.42857,8.28571],"texture":"#3"}}},{"from":[7.2,-8.58589,7.9],"to":[8.8,-0.58589,10.3],"rotation":{"angle":-22.5,"axis":"y","origin":[8,-1.38589,9.1]},"faces":{"north":{"uv":[12.28571,8.57143,12.85714,11.42857],"texture":"#3"},"east":{"uv":[0,11.71429,0.85714,14.57143],"texture":"#3"},"south":{"uv":[12.28571,11.42857,12.85714,14.28571],"texture":"#3"},"west":{"uv":[0.85714,11.71429,1.71429,14.57143],"texture":"#3"},"up":{"uv":[14,9.14286,13.42857,8.28571],"texture":"#3"},"down":{"uv":[14,9.14286,13.42857,10],"texture":"#3"}}}],"gui_light":"front","display":{"thirdperson_righthand":{"rotation":[-90,-22.5,-180],"translation":[-0.5,0.75,9.25],"scale":[0.5,0.5,0.5]},"thirdperson_lefthand":{"rotation":[75,0,0],"translation":[-5.5,-1,27.75],"scale":[1.01367,1.01367,1.01367]},"firstperson_righthand":{"rotation":[0,-67.5,0],"translation":[-2.5,4.25,3],"scale":[0.5,0.5,0.5]},"firstperson_lefthand":{"rotation":[0,-67.5,0],"translation":[-2.5,4.25,3],"scale":[0,0,0]},"ground":{"translation":[0,2,0]},"gui":{"rotation":[22.5,-45,0],"translation":[0,-2.25,0],"scale":[0.62305,0.62305,0.62305]},"head":{"rotation":[2.5,0,0],"translation":[0,27.5,10.25],"scale":[2.22305,2.22305,2.22305]},"fixed":{"rotation":[-90,180,0],"translation":[0,2.75,-12.5],"scale":[2,2,2]}}}