{"credit":"Made with Blockbench","texture_size":[48,48],"textures":{"2":"kitchen_set:chopping_board","particle":"kitchen_set:chopping_board"},"elements":[{"from":[1.80027,-5.55546,10.78146],"to":[15.80027,12.44454,12.78146],"rotation":{"angle":0,"axis":"y","origin":[8,8,8]},"faces":{"north":{"uv":[0,0,4.66667,6],"texture":"#2"},"east":{"uv":[0,7.66667,0.66667,13.66667],"texture":"#2"},"south":{"uv":[4.66667,0,9.33333,6],"texture":"#2"},"west":{"uv":[0.66667,7.66667,1.33333,13.66667],"texture":"#2"},"up":{"uv":[6,8.33333,1.33333,7.66667],"texture":"#2"},"down":{"uv":[6,8.33333,1.33333,9],"texture":"#2"}}},{"from":[7.80027,3.44454,12.78146],"to":[9.80027,8.44454,16.78146],"rotation":{"angle":0,"axis":"y","origin":[8,8,8]},"faces":{"north":{"uv":[5.33333,9.66667,6,11.33333],"texture":"#2"},"east":{"uv":[6,9.33333,7.33333,11],"texture":"#2"},"south":{"uv":[4,10.33333,4.66667,12],"texture":"#2"},"west":{"uv":[7.33333,9.33333,8.66667,11],"texture":"#2"},"up":{"uv":[5.33333,11.66667,4.66667,10.33333],"texture":"#2"},"down":{"uv":[2,11,1.33333,12.33333],"texture":"#2"}}},{"from":[1.80027,14.44454,10.78146],"to":[15.80027,16.44454,12.78146],"rotation":{"angle":0,"axis":"y","origin":[8,8,8]},"faces":{"north":{"uv":[6,8.66667,10.66667,9.33333],"texture":"#2"},"east":{"uv":[12,4.33333,12.66667,5],"texture":"#2"},"south":{"uv":[1.33333,9,6,9.66667],"texture":"#2"},"west":{"uv":[6,12,6.66667,12.66667],"texture":"#2"},"up":{"uv":[14,0.66667,9.33333,0],"texture":"#2"},"down":{"uv":[14,0.66667,9.33333,1.33333],"texture":"#2"}}},{"from":[11.80027,12.44454,10.78146],"to":[15.80027,14.44454,12.78146],"rotation":{"angle":0,"axis":"y","origin":[8,8,8]},"faces":{"north":{"uv":[2,11,3.33333,11.66667],"texture":"#2"},"east":{"uv":[12,6,12.66667,6.66667],"texture":"#2"},"south":{"uv":[6,11,7.33333,11.66667],"texture":"#2"},"west":{"uv":[6.66667,12,7.33333,12.66667],"texture":"#2"},"up":{"uv":[8.66667,11.66667,7.33333,11],"texture":"#2"},"down":{"uv":[10,11,8.66667,11.66667],"texture":"#2"}}},{"from":[1.80027,12.44454,10.78146],"to":[5.80027,14.44454,12.78146],"rotation":{"angle":0,"axis":"y","origin":[8,8,8]},"faces":{"north":{"uv":[10,11,11.33333,11.66667],"texture":"#2"},"east":{"uv":[12,6.66667,12.66667,7.33333],"texture":"#2"},"south":{"uv":[11.33333,10,12.66667,10.66667],"texture":"#2"},"west":{"uv":[7.33333,12,8,12.66667],"texture":"#2"},"up":{"uv":[12.66667,11.66667,11.33333,11],"texture":"#2"},"down":{"uv":[3.33333,11.66667,2,12.33333],"texture":"#2"}}},{"from":[4.0461,4.44454,8.20441],"to":[14.0461,4.44454,9.20441],"rotation":{"angle":-22.5,"axis":"y","origin":[8,8,8]},"faces":{"north":{"uv":[0,0,3.33333,0],"texture":"#2"},"east":{"uv":[0,0,0.33333,0],"texture":"#2"},"south":{"uv":[0,0,3.33333,0],"texture":"#2"},"west":{"uv":[0,0,0.33333,0],"texture":"#2"},"up":{"uv":[12,11,8.66667,10.66667],"texture":"#2"},"down":{"uv":[14,8.66667,10.66667,9],"texture":"#2"}}},{"from":[3.0461,3.69454,3.20441],"to":[4.0461,5.19454,4.70441],"rotation":{"angle":-22.5,"axis":"y","origin":[8,8,8]},"faces":{"north":{"uv":[2.66667,12.33333,3,12.83333],"texture":"#2"},"east":{"uv":[11.66667,12,12.16667,12.5],"texture":"#2"},"south":{"uv":[3,12.33333,3.33333,12.83333],"texture":"#2"},"west":{"uv":[1.33333,12.33333,1.83333,12.83333],"texture":"#2"},"up":{"uv":[3.66667,12.83333,3.33333,12.33333],"texture":"#2"},"down":{"uv":[4,12.33333,3.66667,12.83333],"texture":"#2"}}},{"from":[-2.9539,3.44454,2.95441],"to":[3.0461,5.44454,4.95441],"rotation":{"angle":-22.5,"axis":"y","origin":[8,8,8]},"faces":{"north":{"uv":[1.33333,9.66667,3.33333,10.33333],"texture":"#2"},"east":{"uv":[8,12,8.66667,12.66667],"texture":"#2"},"south":{"uv":[3.33333,9.66667,5.33333,10.33333],"texture":"#2"},"west":{"uv":[8.66667,12,9.33333,12.66667],"texture":"#2"},"up":{"uv":[12,6.66667,10,6],"texture":"#2"},"down":{"uv":[12,6.66667,10,7.33333],"texture":"#2"}}},{"from":[4.0461,4.19454,3.20441],"to":[14.0461,4.69454,8.20441],"rotation":{"angle":-22.5,"axis":"y","origin":[8,8,8]},"faces":{"north":{"uv":[12,2.66667,15.33333,2.83333],"texture":"#2"},"east":{"uv":[12,5,13.66667,5.16667],"texture":"#2"},"south":{"uv":[12,3,15.33333,3.16667],"texture":"#2"},"west":{"uv":[10,12,11.66667,12.16667],"texture":"#2"},"up":{"uv":[3.33333,7.66667,0,6],"texture":"#2"},"down":{"uv":[6.66667,6,3.33333,7.66667],"texture":"#2"}}},{"from":[1.05179,2.92004,8.78146],"to":[11.05179,6.92004,10.78146],"rotation":{"angle":45,"axis":"z","origin":[8,8,8]},"faces":{"north":{"uv":[6.66667,6,10,7.33333],"texture":"#2"},"east":{"uv":[3.33333,11,4,12.33333],"texture":"#2"},"south":{"uv":[6.66667,7.33333,10,8.66667],"texture":"#2"},"west":{"uv":[5.33333,11.33333,6,12.66667],"texture":"#2"},"up":{"uv":[12.66667,6,9.33333,5.33333],"texture":"#2"},"down":{"uv":[12,9.33333,8.66667,10],"texture":"#2"}}},{"from":[2.05179,-0.07996,9.28146],"to":[10.05179,2.92004,10.78146],"rotation":{"angle":45,"axis":"z","origin":[8,8,8]},"faces":{"north":{"uv":[9.33333,1.33333,12,2.33333],"texture":"#2"},"east":{"uv":[6,7.66667,6.5,8.66667],"texture":"#2"},"south":{"uv":[9.33333,2.33333,12,3.33333],"texture":"#2"},"west":{"uv":[4.66667,11.66667,5.16667,12.66667],"texture":"#2"},"up":{"uv":[12.66667,7.83333,10,7.33333],"texture":"#2"},"down":{"uv":[12.66667,8,10,8.5],"texture":"#2"}}},{"from":[5.05179,0.42004,8.78146],"to":[7.05179,2.42004,9.78146],"rotation":{"angle":45,"axis":"z","origin":[8,8,8]},"faces":{"north":{"uv":[9.33333,12,10,12.66667],"texture":"#2"},"east":{"uv":[2,12.33333,2.33333,13],"texture":"#2"},"south":{"uv":[12,9.33333,12.66667,10],"texture":"#2"},"west":{"uv":[2.33333,12.33333,2.66667,13],"texture":"#2"},"up":{"uv":[12.66667,11,12,10.66667],"texture":"#2"},"down":{"uv":[12.66667,11.66667,12,12],"texture":"#2"}}},{"from":[2.05179,6.92004,9.28146],"to":[10.05179,9.92004,10.78146],"rotation":{"angle":45,"axis":"z","origin":[8,8,8]},"faces":{"north":{"uv":[9.33333,3.33333,12,4.33333],"texture":"#2"},"east":{"uv":[12,3.33333,12.5,4.33333],"texture":"#2"},"south":{"uv":[9.33333,4.33333,12,5.33333],"texture":"#2"},"west":{"uv":[4,12,4.5,13],"texture":"#2"},"up":{"uv":[11.33333,10.5,8.66667,10],"texture":"#2"},"down":{"uv":[4,10.33333,1.33333,10.83333],"texture":"#2"}}},{"from":[3.05179,9.92004,9.78146],"to":[9.05179,10.92004,10.78146],"rotation":{"angle":45,"axis":"z","origin":[8,8,8]},"faces":{"north":{"uv":[10.66667,9,12.66667,9.33333],"texture":"#2"},"east":{"uv":[10,12.33333,10.33333,12.66667],"texture":"#2"},"south":{"uv":[6,11.66667,8,12],"texture":"#2"},"west":{"uv":[10.33333,12.33333,10.66667,12.66667],"texture":"#2"},"up":{"uv":[10,12,8,11.66667],"texture":"#2"},"down":{"uv":[12,11.66667,10,12],"texture":"#2"}}},{"from":[3.05179,-1.07996,9.78146],"to":[9.05179,-0.07996,10.78146],"rotation":{"angle":45,"axis":"z","origin":[8,8,8]},"faces":{"north":{"uv":[12,1.33333,14,1.66667],"texture":"#2"},"east":{"uv":[10.66667,12.33333,11,12.66667],"texture":"#2"},"south":{"uv":[12,1.66667,14,2],"texture":"#2"},"west":{"uv":[11,12.33333,11.33333,12.66667],"texture":"#2"},"up":{"uv":[14,2.33333,12,2],"texture":"#2"},"down":{"uv":[14,2.33333,12,2.66667],"texture":"#2"}}}],"gui_light":"front","display":{"thirdperson_righthand":{"rotation":[0,-90,0],"translation":[7,-0.25,1],"scale":[0.75,0.75,0.75]},"thirdperson_lefthand":{"rotation":[0,-90,0],"translation":[7,-0.25,1],"scale":[0.75,0.75,0.75]},"firstperson_righthand":{"rotation":[0,13,0],"translation":[2.75,-1.25,-8.5]},"firstperson_lefthand":{"rotation":[0,13,0],"translation":[2.75,-1.25,-8.5]},"ground":{"rotation":[45,0,0],"translation":[0,7.25,0],"scale":[0.56445,0.56445,0.56445]},"gui":{"rotation":[-32,180,-45],"translation":[-0.5,1.5,-3],"scale":[0.5,0.5,0.5]},"head":{"rotation":[90,0,0],"translation":[-0.75,-37.25,2.5],"scale":[1.5,1.5,1.5]},"fixed":{"translation":[-2,3,-9.5],"scale":[2,2,2]}}}