{"credit":"Made with Blockbench","texture_size":[32,32],"textures":{"0":"snights_cosmetics_v3:capybara_hat","particle":"snights_cosmetics_v3:capybara_hat"},"elements":[{"from":[6,2,2],"to":[13,8,13],"faces":{"north":{"uv":[7,0,10.5,3],"texture":"#0"},"east":{"uv":[0,5.5,5.5,8.5],"texture":"#0"},"south":{"uv":[0,8.5,3.5,11.5],"texture":"#0"},"west":{"uv":[5.5,5.5,11,8.5],"texture":"#0"},"up":{"uv":[3.5,5.5,0,0],"texture":"#0"},"down":{"uv":[7,0,3.5,5.5],"texture":"#0"}}},{"from":[6,-3,12],"to":[13,2,13],"faces":{"north":{"uv":[7,3,10.5,5.5],"texture":"#0"},"east":{"uv":[10.5,11,11,13.5],"texture":"#0"},"south":{"uv":[3.5,8.5,7,11],"texture":"#0"},"west":{"uv":[11,11,11.5,13.5],"texture":"#0"},"up":{"uv":[14,5.5,10.5,5],"texture":"#0"},"down":{"uv":[7,11,3.5,11.5],"texture":"#0"}}},{"from":[7,-3,5],"to":[12,-2,6],"faces":{"north":{"uv":[0,11.5,2.5,12],"texture":"#0"},"east":{"uv":[4,12,4.5,12.5],"texture":"#0"},"south":{"uv":[2.5,11.5,5,12],"texture":"#0"},"west":{"uv":[4.5,12,5,12.5],"texture":"#0"},"up":{"uv":[14,11.5,11.5,11],"texture":"#0"},"down":{"uv":[14,11.5,11.5,12],"texture":"#0"}}},{"from":[6,-3,5],"to":[7,2,12],"faces":{"north":{"uv":[5,11.5,5.5,14],"texture":"#0"},"east":{"uv":[7,8.5,10.5,11],"texture":"#0"},"south":{"uv":[5.5,11.5,6,14],"texture":"#0"},"west":{"uv":[10.5,0,14,2.5],"texture":"#0"},"up":{"uv":[7.5,14.5,7,11],"texture":"#0"},"down":{"uv":[8,11,7.5,14.5],"texture":"#0"}}},{"from":[12,-3,5],"to":[13,2,12],"faces":{"north":{"uv":[6,11.5,6.5,14],"texture":"#0"},"east":{"uv":[10.5,2.5,14,5],"texture":"#0"},"south":{"uv":[6.5,11.5,7,14],"texture":"#0"},"west":{"uv":[10.5,8.5,14,11],"texture":"#0"},"up":{"uv":[8.5,14.5,8,11],"texture":"#0"},"down":{"uv":[9,11,8.5,14.5],"texture":"#0"}}},{"from":[12.25,8,10.75],"to":[13.25,10,13.75],"faces":{"north":{"uv":[2,12,2.5,13],"texture":"#0"},"east":{"uv":[11,5.5,12.5,6.5],"texture":"#0"},"south":{"uv":[2.5,12,3,13],"texture":"#0"},"west":{"uv":[11,6.5,12.5,7.5],"texture":"#0"},"up":{"uv":[0.5,13.5,0,12],"texture":"#0"},"down":{"uv":[1,12,0.5,13.5],"texture":"#0"}}},{"from":[5.75,8,10.75],"to":[6.75,10,13.75],"faces":{"north":{"uv":[3,12,3.5,13],"texture":"#0"},"east":{"uv":[11,7.5,12.5,8.5],"texture":"#0"},"south":{"uv":[3.5,12,4,13],"texture":"#0"},"west":{"uv":[9,11,10.5,12],"texture":"#0"},"up":{"uv":[1.5,13.5,1,12],"texture":"#0"},"down":{"uv":[2,12,1.5,13.5],"texture":"#0"}}}],"display":{"thirdperson_righthand":{"translation":[0,0.75,-2.5],"scale":[0.5,0.5,0.5]},"thirdperson_lefthand":{"translation":[0,0.75,-2.5],"scale":[0.5,0.5,0.5]},"firstperson_righthand":{"translation":[0,2.5,0]},"firstperson_lefthand":{"translation":[0,2.5,0]},"ground":{"translation":[-1.5,4,0],"scale":[0.7,0.7,0.7]},"gui":{"rotation":[25,-141,0],"translation":[1.25,3.25,0],"scale":[0.8,0.8,0.8]},"head":{"translation":[-3,14.75,-1.5],"scale":[2.15,2.15,2.15]}}}