{"credit":"Made with Blockbench","texture_size":[32,32],"textures":{"0":"snights_cosmetics_v3:capybara_plushy","particle":"snights_cosmetics_v3:capybara_plushy"},"elements":[{"from":[6,7,2],"to":[10,11,8],"faces":{"north":{"uv":[0,7,2,9],"texture":"#0"},"east":{"uv":[4,0,7,2],"texture":"#0"},"south":{"uv":[7,0,9,2],"texture":"#0"},"west":{"uv":[4,2,7,4],"texture":"#0"},"up":{"uv":[6,7,4,4],"texture":"#0"},"down":{"uv":[8,4,6,7],"texture":"#0"}}},{"from":[5.75,11,6.75],"to":[6.75,12,8.75],"faces":{"north":{"uv":[6.5,8,7,8.5],"texture":"#0"},"east":{"uv":[6,9.5,7,10],"texture":"#0"},"south":{"uv":[3.5,9,4,9.5],"texture":"#0"},"west":{"uv":[7,9.5,8,10],"texture":"#0"},"up":{"uv":[5,10.5,4.5,9.5],"texture":"#0"},"down":{"uv":[10,8,9.5,9],"texture":"#0"}}},{"from":[9.25,11,6.75],"to":[10.25,12,8.75],"faces":{"north":{"uv":[6,9,6.5,9.5],"texture":"#0"},"east":{"uv":[10,0,11,0.5],"texture":"#0"},"south":{"uv":[10,1,10.5,1.5],"texture":"#0"},"west":{"uv":[10,0.5,11,1],"texture":"#0"},"up":{"uv":[1.5,11,1,10],"texture":"#0"},"down":{"uv":[2,10,1.5,11],"texture":"#0"}}},{"from":[6,0,4],"to":[10,7,8],"faces":{"north":{"uv":[0,0,2,3.5],"texture":"#0"},"east":{"uv":[2,0,4,3.5],"texture":"#0"},"south":{"uv":[0,3.5,2,7],"texture":"#0"},"west":{"uv":[2,3.5,4,7],"texture":"#0"},"up":{"uv":[4,9,2,7],"texture":"#0"},"down":{"uv":[9,2,7,4],"texture":"#0"}}},{"from":[3.75,0,3.5],"to":[5.75,2,6.5],"rotation":{"angle":22.5,"axis":"y","origin":[0,0,0]},"faces":{"north":{"uv":[5,9,6,10],"texture":"#0"},"east":{"uv":[4,7,5.5,8],"texture":"#0"},"south":{"uv":[9,5,10,6],"texture":"#0"},"west":{"uv":[5.5,7,7,8],"texture":"#0"},"up":{"uv":[8,8.5,7,7],"texture":"#0"},"down":{"uv":[5,8,4,9.5],"texture":"#0"}}},{"from":[3.75,4,3.5],"to":[5.75,6,6.5],"rotation":{"angle":22.5,"axis":"y","origin":[0,0,0]},"faces":{"north":{"uv":[9,6,10,7],"texture":"#0"},"east":{"uv":[8,4,9.5,5],"texture":"#0"},"south":{"uv":[9,7,10,8],"texture":"#0"},"west":{"uv":[5,8,6.5,9],"texture":"#0"},"up":{"uv":[9,6.5,8,5],"texture":"#0"},"down":{"uv":[9,6.5,8,8],"texture":"#0"}}},{"from":[9,0,-2.75],"to":[11,2,0.25],"rotation":{"angle":-22.5,"axis":"y","origin":[0,0,0]},"faces":{"north":{"uv":[8,9,9,10],"texture":"#0"},"east":{"uv":[8,8,9.5,9],"texture":"#0"},"south":{"uv":[9,9,10,10],"texture":"#0"},"west":{"uv":[6.5,8.5,8,9.5],"texture":"#0"},"up":{"uv":[1,10.5,0,9],"texture":"#0"},"down":{"uv":[10,0,9,1.5],"texture":"#0"}}},{"from":[9,4,-2.75],"to":[11,6,0.25],"rotation":{"angle":-22.5,"axis":"y","origin":[0,0,0]},"faces":{"north":{"uv":[3.5,9.5,4.5,10.5],"texture":"#0"},"east":{"uv":[1,9,2.5,10],"texture":"#0"},"south":{"uv":[9.5,4,10.5,5],"texture":"#0"},"west":{"uv":[9,1.5,10.5,2.5],"texture":"#0"},"up":{"uv":[3.5,10.5,2.5,9],"texture":"#0"},"down":{"uv":[10,2.5,9,4],"texture":"#0"}}}],"display":{"thirdperson_righthand":{"scale":[0.8,0.8,0.8]},"thirdperson_lefthand":{"scale":[0.8,0.8,0.8]},"ground":{"translation":[0.5,2.5,2.5],"scale":[0.8,0.8,0.8]},"gui":{"rotation":[35,-151,0],"translation":[-1.5,2.75,0],"scale":[0.8,0.8,0.8]},"head":{"rotation":[0,-180,0],"translation":[0,-44.25,3.5],"scale":[2,2,2]},"fixed":{"rotation":[-90,0,0],"translation":[0,6.5,-15.5],"scale":[2,2,2]}}}