{"credit":"Made with Blockbench","textures":{"0":"zencraft:marco/quest_board","particle":"zencraft:marco/quest_board"},"elements":[{"from":[-8.5,3,6.5],"to":[-5.5,30,9.5],"faces":{"north":{"uv":[6.5,0,7.25,6.75],"texture":"#0"},"east":{"uv":[6.5,6.75,7.25,13.5],"texture":"#0"},"south":{"uv":[7.25,0,8,6.75],"texture":"#0"},"west":{"uv":[7.25,6.75,8,13.5],"texture":"#0"},"up":{"uv":[1.75,10,1,9.25],"texture":"#0"},"down":{"uv":[2.5,9.25,1.75,10],"texture":"#0"}}},{"from":[21.5,3,6.5],"to":[24.5,30,9.5],"rotation":{"angle":0,"axis":"y","origin":[16,0,0]},"faces":{"north":{"uv":[7.25,0,6.5,6.75],"texture":"#0"},"east":{"uv":[8,6.75,7.25,13.5],"texture":"#0"},"south":{"uv":[8,0,7.25,6.75],"texture":"#0"},"west":{"uv":[7.25,6.75,6.5,13.5],"texture":"#0"},"up":{"uv":[1,10,1.75,9.25],"texture":"#0"},"down":{"uv":[1.75,9.25,2.5,10],"texture":"#0"}}},{"from":[-9,0,6],"to":[-5,3,10],"faces":{"north":{"uv":[9,5.5,10,6.25],"texture":"#0"},"east":{"uv":[9,5.5,10,6.25],"texture":"#0"},"south":{"uv":[9,5.5,10,6.25],"texture":"#0"},"west":{"uv":[9,5.5,10,6.25],"texture":"#0"},"up":{"uv":[1,9.25,0,8.25],"texture":"#0"},"down":{"uv":[1,8.25,0,9.25],"texture":"#0"}}},{"from":[21,0,6],"to":[25,3,10],"rotation":{"angle":0,"axis":"y","origin":[16,0,0]},"faces":{"north":{"uv":[10,5.5,9,6.25],"texture":"#0"},"east":{"uv":[10,5.5,9,6.25],"texture":"#0"},"south":{"uv":[10,5.5,9,6.25],"texture":"#0"},"west":{"uv":[10,5.5,9,6.25],"texture":"#0"},"up":{"uv":[0,9.25,1,8.25],"texture":"#0"},"down":{"uv":[0,8.25,1,9.25],"texture":"#0"}}},{"from":[-9,30,6],"to":[-5,32,10],"faces":{"north":{"uv":[1,8.25,2,8.75],"texture":"#0"},"east":{"uv":[1,8.25,2,8.75],"texture":"#0"},"south":{"uv":[1,8.25,2,8.75],"texture":"#0"},"west":{"uv":[1,8.25,2,8.75],"texture":"#0"},"up":{"uv":[1,9.25,0,8.25],"texture":"#0"},"down":{"uv":[1,8.25,0,9.25],"texture":"#0"}}},{"from":[21,30,6],"to":[25,32,10],"rotation":{"angle":0,"axis":"y","origin":[16,0,0]},"faces":{"north":{"uv":[2,8.25,1,8.75],"texture":"#0"},"east":{"uv":[2,8.25,1,8.75],"texture":"#0"},"south":{"uv":[2,8.25,1,8.75],"texture":"#0"},"west":{"uv":[2,8.25,1,8.75],"texture":"#0"},"up":{"uv":[0,9.25,1,8.25],"texture":"#0"},"down":{"uv":[0,8.25,1,9.25],"texture":"#0"}}},{"from":[-9,25,6],"to":[-5,28,10],"faces":{"north":{"uv":[9,4.75,10,5.5],"texture":"#0"},"east":{"uv":[9,6.25,10,7],"texture":"#0"},"south":{"uv":[9,4.75,10,5.5],"texture":"#0"},"west":{"uv":[9,6.25,10,7],"texture":"#0"},"up":{"uv":[1,9.25,0,8.25],"texture":"#0"},"down":{"uv":[1,8.25,0,9.25],"texture":"#0"}}},{"from":[21,25,6],"to":[25,28,10],"rotation":{"angle":0,"axis":"y","origin":[16,0,0]},"faces":{"north":{"uv":[10,4.75,9,5.5],"texture":"#0"},"east":{"uv":[10,6.25,9,7],"texture":"#0"},"south":{"uv":[10,4.75,9,5.5],"texture":"#0"},"west":{"uv":[10,6.25,9,7],"texture":"#0"},"up":{"uv":[0,9.25,1,8.25],"texture":"#0"},"down":{"uv":[0,8.25,1,9.25],"texture":"#0"}}},{"from":[-9,6.7,6],"to":[-5,9.7,10],"faces":{"north":{"uv":[9,4.75,10,5.5],"texture":"#0"},"east":{"uv":[9,6.25,10,7],"texture":"#0"},"south":{"uv":[9,4.75,10,5.5],"texture":"#0"},"west":{"uv":[9,6.25,10,7],"texture":"#0"},"up":{"uv":[1,9.25,0,8.25],"texture":"#0"},"down":{"uv":[1,8.25,0,9.25],"texture":"#0"}}},{"from":[21,6.7,6],"to":[25,9.7,10],"rotation":{"angle":0,"axis":"y","origin":[16,0,0]},"faces":{"north":{"uv":[10,4.75,9,5.5],"texture":"#0"},"east":{"uv":[10,6.25,9,7],"texture":"#0"},"south":{"uv":[10,4.75,9,5.5],"texture":"#0"},"west":{"uv":[10,6.25,9,7],"texture":"#0"},"up":{"uv":[0,9.25,1,8.25],"texture":"#0"},"down":{"uv":[0,8.25,1,9.25],"texture":"#0"}}},{"from":[-5,25.5,6.5],"to":[21,27.5,9.5],"faces":{"north":{"uv":[8,2.25,14.5,2.75],"texture":"#0"},"east":{"uv":[4.5,9.75,5.25,10.25],"texture":"#0"},"south":{"uv":[8,2.75,14.5,3.25],"texture":"#0"},"west":{"uv":[5.25,9.75,6,10.25],"texture":"#0"},"up":{"uv":[6.5,8.25,0,7.5],"texture":"#0"},"down":{"uv":[14.5,0,8,0.75],"texture":"#0"}}},{"from":[-5,7.2,6.5],"to":[21,9.2,9.5],"faces":{"north":{"uv":[8,3.25,14.5,3.75],"texture":"#0"},"east":{"uv":[9,9.75,9.75,10.25],"texture":"#0"},"south":{"uv":[8,3.75,14.5,4.25],"texture":"#0"},"west":{"uv":[9.75,9.75,10.5,10.25],"texture":"#0"},"up":{"uv":[14.5,1.5,8,0.75],"texture":"#0"},"down":{"uv":[14.5,1.5,8,2.25],"texture":"#0"}}},{"from":[-5,8.5,7.5],"to":[21,25.5,8.5],"faces":{"north":{"uv":[0,0,6.5,3.75],"texture":"#0"},"east":{"uv":[4,8.25,4.25,12],"texture":"#0"},"south":{"uv":[0,0,6.5,3.75],"texture":"#0"},"west":{"uv":[4.25,8.25,4.5,12],"texture":"#0"},"up":{"uv":[14.5,4.5,8,4.25],"texture":"#0"},"down":{"uv":[14.5,4.5,8,4.75],"texture":"#0"}}}],"display":{"thirdperson_righthand":{"rotation":[47,-72,0],"translation":[-0.5,1.25,-4],"scale":[0.3,0.3,0.3]},"thirdperson_lefthand":{"rotation":[47,-72,0],"translation":[-0.5,1.25,-4],"scale":[0.3,0.3,0.3]},"firstperson_righthand":{"rotation":[47,110,0],"translation":[-0.5,1.25,-4],"scale":[0.3,0.3,0.3]},"firstperson_lefthand":{"rotation":[47,110,0],"translation":[-0.5,1.25,-4],"scale":[0.3,0.3,0.3]},"ground":{"translation":[0,3.5,0],"scale":[0.8,0.8,0.8]},"gui":{"rotation":[30,149,0],"translation":[0,-3.25,0],"scale":[0.5,0.5,0.5]},"head":{"translation":[0,-20.25,-9.75],"scale":[3.57617,3.03711,3.3125]},"fixed":{"translation":[0,-8,-1.5]}}}