{"credit":"MadewithBlockbench","texture_size":[64,64],"textures":{"0":"dungeon_decoration_v1:dungeon_decoration_v1/dungeon_skeleton","particle":"dungeon_decoration_v1:dungeon_decoration_v1/dungeon_skeleton"},"elements":[{"from":[4,16,8],"to":[12,22,16],"rotation":{"angle":22.5,"axis":"z","origin":[8,14,4]},"faces":{"north":{"uv":[4,0,6,1.5],"texture":"#0"},"east":{"uv":[4,1.5,6,3],"texture":"#0"},"south":{"uv":[4,3,6,4.5],"texture":"#0"},"west":{"uv":[4,1.5,6,3],"texture":"#0"},"up":{"uv":[2,5.25,0,3.25],"texture":"#0"},"down":{"uv":[2,5.25,0,3.25],"texture":"#0"}}},{"from":[4.5,19,7.5],"to":[7,20,8],"rotation":{"angle":22.5,"axis":"z","origin":[8,14,4]},"faces":{"north":{"uv":[1.125,7.75,0.5,8],"texture":"#0"},"east":{"uv":[1.25,7.75,1.125,8],"texture":"#0"},"south":{"uv":[1.125,7.75,0.5,8],"texture":"#0"},"west":{"uv":[1.25,7.75,1.125,8],"texture":"#0"},"up":{"uv":[1.125,8,0.5,8.125],"texture":"#0"},"down":{"uv":[1.125,8,0.5,8.125],"texture":"#0"}}},{"from":[9,19,7.5],"to":[11.5,20,8],"rotation":{"angle":22.5,"axis":"z","origin":[8,14,4]},"faces":{"north":{"uv":[0.5,7.75,1.125,8],"texture":"#0"},"east":{"uv":[1.125,7.75,1.25,8],"texture":"#0"},"south":{"uv":[0.5,7.75,1.125,8],"texture":"#0"},"west":{"uv":[1.125,7.75,1.25,8],"texture":"#0"},"up":{"uv":[0.5,8,1.125,8.125],"texture":"#0"},"down":{"uv":[0.5,8,1.125,8.125],"texture":"#0"}}},{"from":[5,14,11],"to":[11,16,16],"rotation":{"angle":22.5,"axis":"z","origin":[8,14,4]},"faces":{"north":{"uv":[6,3.75,7.5,4.25],"texture":"#0"},"east":{"uv":[6,3.25,7.25,3.75],"texture":"#0"},"south":{"uv":[0.5,6.25,2,6.75],"texture":"#0"},"west":{"uv":[6,3.25,7.25,3.75],"texture":"#0"},"up":{"uv":[5.5,5.75,4,4.5],"texture":"#0"},"down":{"uv":[5.5,5.75,4,4.5],"texture":"#0"}}},{"from":[5,14,9],"to":[11,15,11],"rotation":{"angle":22.5,"axis":"z","origin":[8,14,4]},"faces":{"north":{"uv":[0.5,6.75,2,7],"texture":"#0"},"east":{"uv":[0.5,7.5,1,7.75],"texture":"#0"},"south":{"uv":[0.5,6.75,2,7],"texture":"#0"},"west":{"uv":[0.5,7.5,1,7.75],"texture":"#0"},"up":{"uv":[2,7.5,0.5,7],"texture":"#0"},"down":{"uv":[2,7,0.5,7.5],"texture":"#0"}}},{"from":[4,0,11],"to":[12,13,11],"rotation":{"angle":22.5,"axis":"x","origin":[0,13,15]},"faces":{"north":{"uv":[0,0,2,3.25],"texture":"#0"},"south":{"uv":[0,0,2,3.25],"texture":"#0"}}},{"from":[12,0,11],"to":[12,13,15],"rotation":{"angle":22.5,"axis":"x","origin":[0,13,15]},"faces":{"east":{"uv":[3,3.25,4,6.5],"texture":"#0"},"west":{"uv":[3,3.25,4,6.5],"texture":"#0"}}},{"from":[4,13,11],"to":[12,13,15],"rotation":{"angle":22.5,"axis":"x","origin":[0,13,15]},"faces":{"up":{"uv":[2,6.25,0,5.25],"texture":"#0"},"down":{"uv":[2,6.25,0,5.25],"texture":"#0"}}},{"from":[4,0,15],"to":[12,13,15],"rotation":{"angle":22.5,"axis":"x","origin":[0,13,15]},"faces":{"north":{"uv":[2,0,4,3.25],"texture":"#0"},"south":{"uv":[2,0,4,3.25],"texture":"#0"}}},{"from":[4,0,11],"to":[4,13,15],"rotation":{"angle":22.5,"axis":"x","origin":[0,13,15]},"faces":{"east":{"uv":[4,3.25,3,6.5],"texture":"#0"},"west":{"uv":[3,3.25,4,6.5],"texture":"#0"}}},{"from":[4,0,11],"to":[12,0,15],"rotation":{"angle":22.5,"axis":"x","origin":[0,13,15]},"faces":{"up":{"uv":[7.5,4.5,5.5,5.5],"texture":"#0"},"down":{"uv":[7.5,4.5,5.5,5.5],"texture":"#0"}}},{"from":[11,0,0],"to":[13,2,11],"rotation":{"angle":-22.5,"axis":"y","origin":[18,-10,6]},"faces":{"north":{"uv":[5,6.75,4.5,6.25],"rotation":180,"texture":"#0"},"east":{"uv":[0.5,6.25,0,9],"rotation":270,"texture":"#0"},"south":{"uv":[5,6.75,4.5,6.25],"texture":"#0"},"west":{"uv":[0,6.25,0.5,9],"rotation":90,"texture":"#0"},"up":{"uv":[6,5.5,6.5,8.25],"rotation":180,"texture":"#0"},"down":{"uv":[6,5.5,6.5,8.25],"texture":"#0"}}},{"from":[2,0,-5],"to":[4,2,6],"rotation":{"angle":22.5,"axis":"y","origin":[13,-10,1]},"faces":{"north":{"uv":[4.5,6.75,5,6.25],"rotation":180,"texture":"#0"},"east":{"uv":[0.5,6.25,0,9],"rotation":270,"texture":"#0"},"south":{"uv":[4.5,6.75,5,6.25],"texture":"#0"},"west":{"uv":[0,6.25,0.5,9],"rotation":90,"texture":"#0"},"up":{"uv":[6.5,5.5,6,8.25],"rotation":180,"texture":"#0"},"down":{"uv":[6.5,5.5,6,8.25],"texture":"#0"}}},{"from":[-7,-3,12],"to":[-5,10,14],"rotation":{"angle":-22.5,"axis":"z","origin":[7,-14,4]},"faces":{"north":{"uv":[6,5.5,5.5,8.75],"texture":"#0"},"east":{"uv":[6.5,0,6,3.25],"texture":"#0"},"south":{"uv":[6,5.5,5.5,8.75],"texture":"#0"},"west":{"uv":[6.5,0,6,3.25],"texture":"#0"},"up":{"uv":[4,6.75,4.5,6.25],"texture":"#0"},"down":{"uv":[4,6.75,4.5,6.25],"texture":"#0"}}},{"from":[12,6,4],"to":[14,19,6],"rotation":{"angle":22.5,"axis":"x","origin":[0,-5,-4]},"faces":{"north":{"uv":[5.5,5.5,6,8.75],"texture":"#0"},"east":{"uv":[6,0,6.5,3.25],"texture":"#0"},"south":{"uv":[5.5,5.5,6,8.75],"texture":"#0"},"west":{"uv":[6,0,6.5,3.25],"texture":"#0"},"up":{"uv":[4.5,6.75,4,6.25],"texture":"#0"},"down":{"uv":[4.5,6.75,4,6.25],"texture":"#0"}}}],"gui_light":"front","display":{"thirdperson_righthand":{"translation":[0,3.5,3.25],"scale":[0.35,0.35,0.35]},"thirdperson_lefthand":{"translation":[0,3.5,3.25],"scale":[0.35,0.35,0.35]},"firstperson_righthand":{"translation":[0,1.75,0],"scale":[0.45,0.45,0.45]},"firstperson_lefthand":{"translation":[0,1.75,0],"scale":[0.45,0.45,0.45]},"ground":{"translation":[0,2,0],"scale":[0.5,0.5,0.5]},"gui":{"rotation":[30,-164,0],"translation":[0,-0.75,0],"scale":[0.4,0.4,0.4]},"head":{"translation":[0,-35.25,0]},"fixed":{"rotation":[-90,0,0],"translation":[1,3.25,-12.25],"scale":[1.6,1.6,1.6]}}}