{"parent":"item/generated","textures":{"layer0":"item/leather_helmet","layer1":"item/leather_helmet_overlay"},"overrides":[{"predicate":{"custom_model_data":10005},"model":"christmas_2023_animated:ia_auto_gen/christmas_2023-helmet"},{"predicate":{"custom_model_data":10006},"model":"ender_dragon_set:ia_auto_gen/ender_helmet"},{"predicate":{"custom_model_data":10007},"model":"aqua_dragon_set:ia_auto_gen/aqua_helmet"},{"predicate":{"custom_model_data":10008},"model":"littledragonset:ia_auto_gen/littledragonhelmet"},{"predicate":{"custom_model_data":10009},"model":"azureset:ia_auto_gen/azurehelmet"},{"predicate":{"custom_model_data":10010},"model":"fairyset:ia_auto_gen/fairyhelmet"},{"predicate":{"custom_model_data":10011},"model":"beatsset:ia_auto_gen/beatshelmet"},{"predicate":{"custom_model_data":10012},"model":"item/leather_helmet"}]}