{"parent":"minecraft:item/handheld","textures":{"layer0":"minecraft:item/netherite_axe"},"overrides":[{"predicate":{"custom_model_data":10002},"model":"christmas_2023_animated:christmas_2023_animated/axe"},{"predicate":{"custom_model_data":10005},"model":"valentinesweapon:valentines_animated_weapon_and_tool_set_v1/axe"},{"predicate":{"custom_model_data":10006},"model":"zen_armas:purpleworldset/purpleworld_axe"},{"predicate":{"custom_model_data":10007},"model":"zen_armas:purpleworldset/purpleworld_battleaxe"},{"predicate":{"custom_model_data":10008},"model":"akaleaf_discord_nitro:item/discord_nitro_axe"},{"predicate":{"custom_model_data":10009},"model":"beatsset:axe"},{"predicate":{"custom_model_data":10010},"model":"malikaset:axe"},{"predicate":{"custom_model_data":10011},"model":"azureset:axe"},{"predicate":{"custom_model_data":10012},"model":"fairyset:axe"},{"predicate":{"custom_model_data":10013},"model":"littledragonset:axe"},{"predicate":{"custom_model_data":70010},"model":"zen_armas:zen_armas/hachadiscordia"},{"predicate":{"custom_model_data":99999},"model":"zen_armas:zen_armas/abyaxe"},{"predicate":{"custom_model_data":100000},"model":"item/netherite_axe"}]}